Code ,Product ,Description,Type ,Fridge
6324,Mythos Greek Lager 500ml Bottles,,Bottles,Fridge
6641,Adnams Broadside 500ml Bottles,,Bottles,Fridge
6638,Aspall Cyder 500ml Bottles,Imperial Vintage,Bottles,Fridge
6639,Aspall Cyder 500ml Bottles,Organic,Bottles,Fridge
6640,Aspall Cyder 500ml Bottles,Premier Cru,Bottles,Fridge
2062,Frosty Jacks Cider 3 Litre,White,Bottles,Fridge
8578,Kingstone Press Cider 500ml Bottles,Press Apple ,Bottles,Fridge
8579,Kingstone Press Cider 500ml Bottles,Pear,Bottles,Fridge
14920,Stones Bitter 440ml Cans,,Cans,Fridge
15190,Grolsch Lager 440ml Cans,,Cans,Fridge
5119,Carling Lager 500ml Cans,,Cans,Fridge
5350,Caffrey's 440ml Cans,,Cans,Fridge
8649,Carling Cider 500ml Bottles,Cherry,Bottles,Fridge
5359,Carling Lager 20x440ml Cans,,Cans,
5575,Cobra Premium Beer 660ml Bottles,,Bottles,Fridge
5726,Carling Lager 4x568ml 'Pint' Cans,,Cans,
5732,Coors Light 440ml (4%) Cans ,,Cans,Fridge
5733,Coors Light 4% 12x330ml Bottles,,Bottles,
5772,Corona Extra 4x330ml Bottles,,Bottles,Fridge
8937,Cobra 500ml Cans,,Cans,Fridge
6160,Carling Cider 500ml Bottles,,Bottles,Fridge
6383,Cobra Premium Beer 12x330ml Bottles ,,Bottles,
6386,Corona Extra 10x330ml Bottles,,Bottles,
6387,Grolsch Lager 12x330ml Bottles,,Bottles,
6491,Sharps Doom Bar Ale 500ml Bottles,,Bottles,Fridge
6594,Singha 4x330ml Bottles ,,Bottles,
6595,Blue Moon 355ml Bottles ,,Bottles,Fridge
6601,Worthingtons White Shield 500ml Bottles,,Bottles,Fridge
75940,Worthingtons Creamflow 440ml Cans,,Cans,Fridge
76250,Breaker Lager 500ml Cans,,Cans,Fridge
76600,Carling Premier 440ml Cans,,Cans,Fridge
8562,Carling Lager 10x440ml Cans,,Cans,
8581,Carling 12x300ml Bottles,Zest,Bottles,
8582,Carling 4x300ml Bottles,Citrus Zest,Bottles,
8459,Carling 15x440ml Cans,,Cans,
5851,Carling 12x330ml Cans,Zest,Cans,
9076,Carling Cider 500ml Bottles,Orchard Fruit,Bottles,Fridge
5116,Carling Lager 15x440ml Cans,,Cans,
9030,Carling Cider 15x440ml Cans,,Cans,
5365,Bavaria Premium Lager 440ml Cans,,Cans,Fridge
5647,Bavaria Shandy 6x330ml Cans,,Cans,
5926,Bavaria 8.6 500ml (7.9%) Cans,Original ,Cans,Fridge
8766,Bavaria 4x330ml Bottles ,Alcohol Free,Bottles,
9060,Hollandia 7.5% 500ml Cans,,Cans,Fridge
6315,Butcombe Bitter 500ml Bottles,,Bottles,Fridge
5135,Black Sheep Ale 500ml Bottles ,,Bottles,Fridge
5196,Brothers Cider 500ml Bottles,Strawberry ,Bottles,Fridge
5456,Brothers Cider 500ml Bottles,Toffee Apple,Bottles,Fridge
162050,Budweiser Budvar 500ml,,Bottles,Fridge
8681,Budweiser Budvar 5 Litre Keg,,,Fridge
264240,Woodpecker 500ml Cans ,,Cans,Fridge
3088,Bulmers 568ml Bottles,Original,Bottles,Fridge
332650,Scrumpy Jack 500ml Cans ,,Cans,Fridge
5454,Bulmers 568ml Bottles,Blend 17,Bottles,Fridge
5734,Strongbow (5%) 2 Litre,,Bottles,Fridge
5737,Strongbow 500ml Cans,,Cans,Fridge
5738,Strongbow 568ml 'Pint' Cans,Cider,Cans,Fridge
5777,Strongbow 500ml Cans ,Pear,Cans,Fridge
6155,Bulmers 568ml Bottles ,Bold Black Cherry,Bottles,Fridge
6274,Bulmers 6x568ml Bottles,Original ,Bottles,
6335,Strongbow 440ml Cans,Dark Fruit,Cans,Fridge
6385,Strongbow Cider 10x440ml Cans,Dark Fruit,Cans,
6388,Strongbow Cider 15x440ml Cans,,Cans,
8491,Strongbow 10x440ml Cans,,Cans,
8565,Strongbow 10x440ml Cans,Citrus Edge ,Cans,
8566,Strongbow 440ml Cans,Citrus Edge,Cans,Fridge
8567,Bulmers 568ml (2.8%) Bottles ,Five Fruit Harvest ,Bottles,Fridge
8568,Bulmers 568ml (2.8%) Bottles ,Indian Summer,Bottles,Fridge
8569,Old Mout 500ml Bottles,Passion Fruit & Apple,Bottles,Fridge
8570,Old Mout 500ml Bottles,Summer Berries,Bottles,Fridge
8754,Bulmers 10x330ml Cans,Red Berries & Lime,Cans,
9078,Bulmers 568ml Bottles,Blood Orange,Bottles,Fridge
1109,Tetley Bitter 440ml Cans,Original,Cans,Fridge
15100,Carlsberg 500ml Cans,Special Brew,Cans,Fridge
1536,Carlsberg Lager 12x440ml Cans,,Cans,
174710,Holsten Pils 440ml Cans,,Cans,Fridge
3043,San Miguel 440ml Cans,,Cans,Fridge
3171,Carlsberg Lager 500ml Cans,,Cans,Fridge
4030,Carlsberg Lager 568ml 'Pint' Cans,,Cans,Fridge
5360,Carlsberg Lager 20x440ml Cans,,Cans,
5366,Tetley Smoothflow 440ml Cans,,Cans,Fridge
5405,Tetley Smoothflow 12x440ml Cans,,Cans,
5478,San Miguel 275ml Bottles,,Bottles,Fridge
5549,Skol Lager 440ml 2.8% Cans,,Cans,Fridge
5576,Carlsberg Export 275ml Bottles ,,Cans,Fridge
5577,Carlsberg Export 440ml Cans,,Cans,Fridge
5578,Carlsberg Export 568ml 'Pint' Cans,,Cans,Fridge
5639,Carlsberg Lager 8x275ml Bottles,,Bottles,
5642,San Miguel 4x330ml Bottles ,Fresca ,Bottles,
5643,Skol Lager 15x440ml Cans,,Cans,
5646,Carlsberg Export 4x275ml Bottles ,,Bottles,
6328,Carlsberg 4x275ml Bottles,Citrus,Bottles,
6329,Tuborg 4% 12x275ml Bottles ,,Bottles,
76580,Skol Super 500ml Cans ,,Cans,Fridge
6443,Tuborg 20x275ml Bottles ,,Bottles,
8646,Black Rat Cider 2 Litre,,Bottles,Fridge
8647,Black Rat Cider 500ml Cans ,,Cans,Fridge
2080,Courage Directors 500ml Bottles ,,Bottles,Fridge
5082,Wells Beer 500ml Bottles ,Banana Bread,Bottles,Fridge
5401,Bombardier Ale 500ml Bottles ,,Bottles,Fridge
5849,Wells Waggle Dance 500ml Bottles ,,Bottles,Fridge
62410,McEwans Export 500ml Cans,,Cans,Fridge
6588,Erdinger Weissbier 500ml Bottles ,,Bottles,Fridge
6589,Estrella Damm 4x330ml Bottles,,Bottles,
6592,Kirin Ichiban 330ml,,Bottles,Fridge
6604,Youngs Ale 500ml Bottles ,London Gold,Bottles,Fridge
6605,Youngs Ale 500ml Bottles ,Special London ,Bottles,Fridge
9091,Dogfish Head DNA 330ml Bottles,,Bottles,Fridge
6333,Rekorderlig 500ml Bottles,Mango & Raspberry,Bottles,Fridge
6334,Rekorderlig 500ml Bottles,Strawberry & Lime,Bottles,Fridge
6617,Rekorderlig 500ml Bottles,Passion Fruit,Bottles,Fridge
6618,Rekorderlig 500ml Bottles,Wild Berries,Bottles,Fridge
8489,Rekorderlig 4x330ml Bottles ,Strawberry & Lime ,Bottles,
6587,Cusquena 4x330ml Bottles ,,Bottles,
6590,Cusquena 620ml Bottles ,,Bottles,Fridge
4086,Kopparberg 500ml Bottles,Pear,Bottles,Fridge
5125,Kopparberg 500ml Bottles,Mixed Fruit,Bottles,Fridge
5334,Kopparberg 500ml Bottles,Strawberry & Lime,Bottles,Fridge
5551,Kopparberg 12x330ml Cans,Mixed Fruit,Cans,
5981,Kopparberg 500ml Bottles,Elderflower & Lime ,Bottles,Fridge
5984,Kopparberg 12x330ml Cans,Strawberry & Lime,Cans,
8488,Kopparberg Non Alcoholic Fruit Cider 500ml Bottles,,Bottles,Fridge
8580,Kopparberg 12x330ml Cans,Raspberry & Lime,Cans,
6630,Brooklyn Lager 355ml Bottles ,,Bottles,Fridge
6631,Anchor Steam Beer 355ml Bottles,,Bottles,Fridge
6632,Goose Island Ale 355ml Bottles ,India Pale,Bottles,Fridge
8591,Ground Pup Ale 330ml Bottles,India Pale,Bottles,Fridge
8592,Bumblebee Ale 330ml,Golden Hopped,Bottles,Fridge
8593,Gargoyle Golden Ale 330ml Bottles ,,Bottles,Fridge
5379,HCC 500ml Cans,Black,Cans,Fridge
6321,Cornish Rattler 500ml Bottles,Original,Bottles,Fridge
6322,Cornish Rattler 500ml Bottles,Berry,Bottles,Fridge
6323,Cornish Rattler 500ml Bottles,Pear,Bottles,Fridge
6580,Brewdog Punk IPA 330ml Bottles,,Bottles,Fridge
6627,Duvel 330ml Bottles ,,Bottles,Fridge
6628,Vedett Blonde 330ml Bottles,,Bottles,Fridge
6629,Liefmans Fruitesse Beer 330ml Bottles,,Bottles,Fridge
8676,Duvel Gift Set single,,,Fridge
6596,Sierra Nevada Pale Ale 330ml Bottles ,,Bottles,Fridge
6612,Fullers Ale 500ml Bottles ,1845,Bottles,Fridge
6613,Fullers Stout 500ml Bottles ,Black Cab,Bottles,Fridge
6614,Fullers Ale 500ml Bottles ,ESB,Bottles,Fridge
6615,Fullers Ale 500ml Bottles ,Gales HSB,Bottles,Fridge
6616,Fullers 500ml Bottles ,London Pride,Bottles,Fridge
6642,Fullers 500ml Cans,London Pride,Cans,Fridge
6644,Fullers 500ml Bottles ,Organic Honey Dew,Bottles,Fridge
1795,Natch Cider 500ml Cans,,Cans,Fridge
2110,Natch Cider 2 Litre,,Bottles,Fridge
279830,Zeppelin White Cider 1 Litre,,Bottles,Fridge
312390,Olde English 3 Litre,,Bottles,Fridge
3207,Magners Cider 568ml Bottles,,Bottles,Fridge
4043,Blackthorn Cider 3 Litre,,Bottles,Fridge
5149,Magners Cider 568ml Bottles,Pear,Bottles,Fridge
5237,Blackthorn Dry 500ml Cans,,Cans,Fridge
5248,Olde English 440ml Cans,,Cans,Fridge
5249,Blackthorn 440ml Cans,,Cans,Fridge
5251,K 440ml Cans,,Cans,Fridge
5293,Blackthorn 15x440ml Can ,,Cans,
5527,Magners Cider 440ml Cans,,Cans,Fridge
5562,Amber Harvest Cider 3 Litre,,Bottles,Fridge
5823,Magners Cider 10x440ml Cans,,Cans,
6494,Magners Cider 18x440ml Cans,,Cans,
8178,Zeppelin White Cider 3 Litre,,Bottles,Fridge
8574,Hornsby Cider 4x330ml Bottles ,Strawberry & Lime,Bottles,
8583,Olde English 1770 500ml Cans,,Cans,Fridge
9079,Magners with Whiskey 500ml Bottles ,,Bottles,Fridge
1756,Abbot Ale 500ml ,,Bottles,Fridge
5516,Old Golden Hen 500ml Bottles ,Golden  ,Bottles,Fridge
6440,Greene King IPA Reserve 500ml Bottles ,,Bottles,Fridge
6441,Old Speckled Hen (5%) 440ml Cans,,Cans,Fridge
6449,Old Speckled Hen (5%) 500ml Bottles ,,Bottles,Fridge
6499,Head Brewers Ales 6x500ml Bottles ,,Bottles,
6633,Old Crafty Hen 500ml Bottles ,,Bottles,Fridge
9073,Goose Island 355ml Bottles ,India Pale Ale,Bottles,Fridge
9088,Goose Island 312 355ml Bottles ,,Bottles,Fridge
9089,Goose Island 355ml Bottles ,Honkers ,Bottles,Fridge
9075,Great British Ale 6x500ml Bottles ,,Bottles,
15070,Guinness 440ml Cans,Original ,Cans,Fridge
2027,Guinness 330ml Bottles , Foreign Extra ,Bottles,Fridge
6276,Guinness Draught 440ml Cans,,Cans,Fridge
6280,Red Stripe 484ml Cans,,Cans,Fridge
8755,Guinness Draught 10x440ml Cans,,Cans,
8976,Guinness Porter 500ml Bottles ,Dublin,Bottles,Fridge
8977,Guinness Porter 500ml Bottles ,West Indies,Bottles,Fridge
9081,Guinness Draught 10x440ml Cans,Free Glass,Cans,
5155,Crabbies 500ml Bottles,Ginger Beer,Bottles,Fridge
5906,Crabbies 6x500ml Bottles,Ginger Beer,Bottles,
5907,Crabbie's 440ml Cans,Ginger Beer,Cans,Fridge
5908,Tsingtao 640ml Bottles ,,Bottles,Fridge
8648,Lazy Jack's Cider 355ml Bottles,,Bottles,Fridge
8651,Crabbie's 440ml Cans,Raspberry,Cans,Fridge
5336,Badger 500ml Bottles,Tanglefoot,Bottles,Fridge
5337,Badger 500ml Bottles,Fursty Ferrett,Bottles,Fridge
6634,Badger 500ml Bottles,Blandford Flyer,Bottles,Fridge
6635,Badger 500ml Bottles,Poachers Choice ,Bottles,Fridge
6636,Badgers 6x500ml Bottles,Favourites,Bottles,
6637,Timothy Taylor Landlord 500ml Bottles ,,Bottles,Fridge
6643,Badger 500ml Cans,Tanglefoot,Cans,Fridge
6581,Innis & Gunn 660ml Bottles,Original,Bottles,Fridge
6582,Innis & Gunn 330ml Bottles,Original,Bottles,Fridge
6583,Innis & Gunn 330ml Bottles,Rum,Bottles,Fridge
6584,Innis & Gunn 330ml Bottles,Oak IPA ,Bottles,Fridge
312510,Draught Bass 500ml Cans,,Cans,Fridge
5255,Tennents Super 500ml Cans,,Cans,Fridge
5368,Stella Artois 4% 12x440ml Cans,,Cans,
5369,Boddingtons Draught 12x440ml,,Cans,
5402,Stella Artois Cidre 440ml Cans ,,Cans,Fridge
5403,Stella Artois Cidre 568ml Bottles ,,Bottles,Fridge
5552,Beck's Vier 12x275ml Bottles ,,Bottles,
5572,Gold Label (7.5%) Cans,,Cans,Fridge
5573,Mackeson 330ml Cans,,Cans,Fridge
5591,Beck's  (4.8%) 660ml Bottles,,Bottles,Fridge
5593,Budweiser 568ml Cans,,Cans,Fridge
5594,Budweiser 12x300ml Bottles,,Bottles,
6362,Budweiser 20x300ml Bottles ,,Bottles,
5595,Budweiser 300ml Bottles ,,Bottles,Fridge
5596,Budweiser (4.8%) 660ml Bottles ,,Bottles,Fridge
5598,Stella Artois 500ml Cans,,Cans,Fridge
5599,Stella Artois 568ml 'Pint' Cans ,,Cans,Fridge
5600,Stella Artois 12x284ml Bottles,,Bottles,
5602,Stella Artois 660ml Bottles,,Bottles,Fridge
6442,Stella Artois 284ml Bottles ,,Bottles,Fridge
6573,Stella Artois 10x440ml Cans,,Cans,
6575,Leffe Blonde 750ml Bottles ,,Bottles,Fridge
6576,Budweiser 10x440ml Cans,,Cans,
6577,Leffe Blonde 4x330ml Bottles,,Bottles,
6578,Hoegaarden 4x330ml Bottles ,,Bottles,
75720,Boddingtons Draught 440ml Cans,,Cans,Fridge
8426,Budweiser 440ml Cans,,Cans,Fridge
8427,Stella Artois 4% 440ml Cans,,Cans,Fridge
8458,Beck's Blue 6x275ml Bottles ,,Bottles,
8551,Beck's Lager 275ml Bottles,,Bottles,Fridge
8677,Stella Artois 6x284ml Bottles ,,Bottles,
8678,Stella Artois Cider 500ml Bottles,Raspberry ,Bottles,Fridge
8679,Stella Artois 440ml Cans,,Cans,Fridge
8733,Stella Artois Cidre 10x440ml Cans,,Cans,
8934,Stella Cidre 4x330ml Bottles ,Raspberry,Bottles,
5910,Corona Extra 710ml Bottles,,Bottles,Fridge
9059,Cubanisto 3x330ml Bottles,,Bottles,
6496,Holts Two Hoots Ale 500ml Bottles,,Bottles,Fridge
1996,Peroni Nastro Azzurro 330ml Bottles,,Bottles,Fridge
5288,Peroni Nastro Azzurro 660ml Bottles,,Bottles,Fridge
5819,Miller Genuine Draft 275ml Bottles ,,Bottles,Fridge
5932,Peroni Nastro Azzurro 12x330ml Bottles,,Bottles,
8485,Lech Polish Lager 4x500ml Cans,,Cans,
8486,Miller Genuine Draft 4x330ml Bottles,,Bottles,
8921,Lech Polish Lager 4x500ml Cans,,Cans,
8867,Tyskie Polish Lager (5.5%) 4x500ml Cans,,Cans,
5933,Pilsner Urquell 500ml Bottles ,,Bottles,Fridge
8645,Freddies Lager 500ml Bottles,Mango,Bottles,Fridge
8652,Freddies Lager 500ml Bottles,Wild Berries,Bottles,Fridge
8736,Mordue Workie Ticket 500ml Bottles ,,Bottles,Fridge
8735,Mordue Radgie Gadgie 500ml Bottles,,Bottles,Fridge
8737,Everards Tiger Ale 500ml,,Bottles,Fridge
8738,Castle Rock Harvest Pale Ale 500ml Bottles ,,Bottles,Fridge
8739,Manchester Pale Ale 500ml Bottles ,,Bottles,Fridge
5685,Dab Premium German Lager 500ml Cans,,Cans,Fridge
5928,Robinsons Ale 500ml Bottles,Unicorn,Bottles,Fridge
8734,Robinsons Ale 500ml Bottles,Trooper ,Bottles,Fridge
5511,Brains Rev James 500ml Bottles ,,Bottles,Fridge
5512,Brains SA Gold 500ml Bottles ,,Bottles,Fridge
1005,Kronenbourg 1664 440ml Cans,,Cans,Fridge
112930,Newcastle Brown Ale 550ml Bottles ,,Bottles,Fridge
1659,Theakston Old Peculier 500ml Bottles ,,Bottles,Fridge
1838,Heineken Lager 330ml Bottles,,Bottles,Fridge
3027,Foster's Lager 568ml 'Pint' Cans,,Cans,Fridge
3042,Sol Lager 330ml Bottles,,Bottles,Fridge
5154,Foster's Lager 500ml Cans,,Cans,Fridge
5174,Heineken Lager 500ml Cans,,Cans,Fridge
5411,Kronenbourg 1664 275ml Bottles,,Bottles,Fridge
5940,Fosters Gold 20x330ml Bottles ,,Bottles,
5941,Foster's Gold 12x330ml Bottles,,Bottles,
5965,John Smith's Extra Smooth 10x440ml Cans,,Cans,
5966,John Smith's Extra Smooth 440ml Cans,,Cans,Fridge
5985,Sol Lager 12x330ml Bottles,,Bottles,
6278,Heineken Lager 12x330ml Bottles,,Bottles,
6332,Foster's Radler 4x300ml Bottles ,,Bottles,
6447,Tiger 640ml Bottles ,,Bottles,Fridge
6508,Foster's Lager 15x440ml Cans,,Cans,
6574,Heineken 650ml Bottles ,,Bottles,Fridge
6579,Birra Moretti Lager 4x330ml Bottles ,,Bottles,
7580,Foster's Radler 12x300ml Bottles ,,Bottles,
75880,Murphys Draught 440ml Can,,Cans,Fridge
8484,Foster's Gold 6x300ml Bottles ,,Bottles,
8490,Foster's Lager 10x440ml Cans ,,Cans,
8571,Desperados Verde 3x330ml Bottles ,,Bottles,
8572,Desperados Beer 3x330ml Bottles ,,Bottles,
8573,Desperados Beer 650ml Bottles ,,Bottles,Fridge
8680,Foster's Radler 4x300ml Bottles ,Lime & Ginger,Bottles,
9077,Desperados Red 3x330ml Bottles,,Bottles,
5235,Bishops Finger Ale 500ml Bottles ,,Bottles,Fridge
5236,Spitfire Ale 500ml Bottles ,,Bottles,Fridge
6591,Asahi 500ml Cans ,,Cans,Fridge
6597,Sam Adams Boston Lager 330ml Bottles,,Bottles,Fridge
6598,Shepherd Neame Master Brew 500ml Bottles ,,Bottles,Fridge
6599,Master Brewers Collection 6x500ml Bottles ,,Bottles,
6600,Shepherd Neame 1698 500ml Bottles,,Bottles,Fridge
6602,Whitstable Bay 500ml Bottles,Pale Ale,Bottles,Fridge
6603,Whitstable Bay 500ml Bottles,Organic,Bottles,Fridge
5316,Merrydown Cider 75cl Bottles,Medium,Bottles,Fridge
5317,Merrydown Cider 75cl Bottles,Dry,Bottles,Fridge
6316,Titanic Captain Smiths 500ml Bottles ,,Bottles,Fridge
6317,Titanic Iceberg 500ml Bottles,,Bottles,Fridge
6318,Titanic White Star 500ml Bottles ,,Bottles,Fridge
5925,Efes Draught 500ml Bottles ,,Bottles,Fridge
5749,Thatchers Gold Cider 500ml Cans,,Cans,Fridge
6161,Thatchers Gold Cider 500ml Bottles ,,Bottles,Fridge
6163,Thatchers Katy Cider 500ml Bottles ,,Bottles,Fridge
6164,Thatchers Cider 500ml Bottles ,Vintage,Bottles,Fridge
8577,Thatchers Cider 500ml Bottles ,Old Rascal,Bottles,Fridge
1065,Thwaites Dark Mild 440ml Cans,,Cans,Fridge
5518,Wainwright Golden Ale 500ml Bottles,,Bottles,Fridge
5684,Lancaster Bomber Ale 500ml Bottles,,Bottles,Fridge
5991,Thwaites Wainwright Ale 440ml Cans,,Cans,Fridge
6444,Warsteiner 500ml Cans ,,Cans,Fridge
8913,13 Guns American IPA 330ml Bottles ,,Bottles,Fridge
8915,Triple C Golden Ale 330ml Bottles,,Bottles,Fridge
8914,Big Ben Brown Ales 330ml Bottles,,Bottles,Fridge
8375,Wadworth 6X Bottles,,Bottles,Fridge
5364,Westons Cloudy Scrumpy 2 Litre Jug,,,Fridge
5519,Westons Old Rosie Cider 500ml Bottles ,,Bottles,Fridge
5520,Westons Vintage Cider 500ml Bottles ,,Bottles,Fridge
5699,Westons Stowford Press 500ml Cans,,Cans,Fridge
6606,Westons Medium Dry 500ml Bottles ,,Bottles,Fridge
6607,Westons Wyld Wood Organic 500ml Bottles,,Bottles,Fridge
6608,Westons Wyld Wood Organic 3 Litre,,Bottles,Fridge
172330,Marston's Resolution 275ml Bottles,,Bottles,Fridge
5140,Banks Bitter 500ml Cans,,Cans,Fridge
5141,Banks Mild 500ml Cans,,Cans,Fridge
5162,Marstons Strong Pale Ale 500ml Bottles,,Bottles,Fridge
5215,Marstons Old Empire IPA 500ml Bottles,,Bottles,Fridge
5287,Manns Brown Ale 500ml Bottles,,Bottles,Fridge
5491,Marstons Pedigree 440ml Cans,,Cans,Fridge
5537,Jennings Sneck Lifter Ale 500ml Bottles,,Bottles,Fridge
5692,Hobgoblin Ale 500ml Bottles,,Bottles,Fridge
5696,Classic Ales of England 6x500ml Bottles ,,Bottles,Fridge
5905,Marstons Pedigree 500ml Bottles ,,Bottles,Fridge
6384,Marstons Golden Ales 6x500ml Bottles,,Bottles,Fridge
6487,Ringwood Boondoggle 4.4% 500ml Bottles,,Bottles,Fridge
6489,Wychwood Ale 500ml Bottles ,Black Wych,Bottles,Fridge
6492,Wychwood Ale 500ml Bottles ,Dr Thirstys,Bottles,Fridge
6495,Wychwood Ale 500ml Bottles ,Imperial Red ,Bottles,Fridge
6509,Ringwood Old Thumper 5.1% 500ml Bottles,,Bottles,Fridge
6585,Brakspear Oxford Gold 500ml Bottles ,,Bottles,Fridge
6586,Wychwood Ale 500ml Bottles ,King Goblin,Bottles,Fridge
8564,Hobgoblin 440ml Cans,,Cans,Fridge
8878,Hobgoblin Gold 500ml Bottles ,,Bottles,Fridge
9024,Ringwood Boondoggle 4.4% 500ml Bottles ,,Bottles,Fridge
8986,Kingfisher 650ml Bottles,,Bottles,Fridge
9174,Oakham Citra 500ml Bottles,,Bottles,Fridge
8463,Coors Light 18x440ml Cans ,,Cans,
9168,Bootlegger Apple Beer 330ml Bottles,,Bottles,Fridge
9115,Budweiser 4x300ml Bottles ,,Bottles,
9117,Carling Cider 4x440ml Cans ,,Cans,
9116,Stella Artios 4x284ml Bottles ,,Bottles,
9169,Stella Artois Cidre 500ml Bottles,Peach,Bottles,Fridge
9170,Stella Artois Cidre 500ml Bottles,Elderflower,Bottles,Fridge
9150,Kopparberg 500ml Bottles,Raspberry,Bottles,Fridge
9125,Staropramen 660ml Bottles ,,Bottles,Fridge
9126,Staropramen 4x330ml Bottles ,,Bottles,
9131,San Miguel 660ml Bottles ,,Bottles,Fridge
9132,San Miguel Fresca 12x330ml ,,Bottles,
9130,Somersby Cider 440ml Cans,,Cans,Fridge
9129,Somersby Apple 500ml Bottles ,Apple,Bottles,Fridge
9127,Somersby Apple 500ml Bottles ,Cranberry,Bottles,Fridge
9128,Somersby Apple 500ml Bottles ,Blackberry,Bottles,Fridge
9171,Strongbow Citrus 500ml Cans ,Citrus,Cans,Fridge
9030,Carling Cider 15x440ml Cans,,Cans,
9030,Carling Cider 15x440ml Cans,,Cans,
5360,Carlsberg Lager 20x440ml Cans,,Cans,
#N/A,Coors Light 20x330ml Bottles,,Bottles,
#N/A,Stella Artois 20x284ml Bottles ,,Bottles,
9203,Kopparberg Frozen Cider 250ml Bottles ,Strawberry & Lime ,Bottles,Fridge
9206,Kopparberg Frozen Cider 250ml Bottles ,Elderflower & Lime ,Bottles,Fridge
9204,Guinness Golden Ale 500ml Bottles ,,Bottles,Fridge
9205,Pimms Cider Cup 500ml Bottles ,,Bottles,Fridge
#N/A,Dark Star Hophead Golden Ales 500ml Bottles,,Bottles,Fridge
